{"episodes": [250, 500, 750, 1000, 1250, 1500, 1750, 2000, 2250, 2500, 2750, 3000, 3250, 3500, 3750, 4000, 4250, 4500, 4750, 5000, 5250, 5500, 5750, 6000, 6250, 6500, 6750, 7000, 7250, 7500, 7750, 8000, 8250, 8500, 8750, 9000, 9250, 9500, 9750, 10000], "overall_win_rate": [56.97211155378486, 59.48103792415169, 57.65645805592543, 57.14285714285714, 56.27498001598721, 55.896069287141906, 55.739577384351804, 55.62218890554723, 55.79742336739228, 56.05757696921232, 55.9432933478735, 55.54815061646118, 55.42909873884958, 55.52699228791774, 55.47853905625166, 55.361159710072485, 55.65749235474006, 55.80982003999111, 55.81982740475689, 55.968806238752244, 56.17977528089888, 56.24431921468825, 56.442357850808555, 56.423929345109144, 56.40697488401856, 56.391324411628986, 56.51014664494149, 56.4919297243251, 56.51634257343815, 56.59245433942141, 56.70236098567927, 56.59292588426447, 56.5628408677736, 56.60510528173156, 56.59924580047995, 56.46039328963448, 56.38309371959787, 56.47826544574255, 56.568557071069634, 56.624337566243376], "recent_win_rate": [56.97211155378486, 59.48103792415169, 57.65645805592543, 57.099999999999994, 56.10000000000001, 54.1, 54.300000000000004, 54.1, 55.2, 56.3, 56.3, 55.400000000000006, 54.6, 54.2, 54.2, 54.800000000000004, 56.39999999999999, 56.8, 57.099999999999994, 58.4, 58.4, 58.199999999999996, 59.4, 58.699999999999996, 57.599999999999994, 57.199999999999996, 56.89999999999999, 56.89999999999999, 57.199999999999996, 57.9, 57.99999999999999, 57.3, 56.89999999999999, 56.699999999999996, 55.800000000000004, 55.400000000000006, 54.900000000000006, 55.400000000000006, 56.3, 58.099999999999994], "epsilon": [0.9967054307925688, 0.9933174117065441, 0.9899458589654259, 0.9864821637423357, 0.9829716073370115, 0.9796008839706891, 0.9763539937388208, 0.9731227309485626, 0.9697178977204205, 0.9663249775726567, 0.9630739353535623, 0.9597906390753409, 0.9564946234340749, 0.9532194588060983, 0.9499412595154164, 0.9466932679422237, 0.9435837572667602, 0.9404797576742268, 0.9372688027382315, 0.9340968330932686, 0.9308657805202608, 0.9276505424510343, 0.9245527276257347, 0.9214744724270773, 0.9183697305198072, 0.9151747744660812, 0.9120821373642068, 0.9089999511669152, 0.9059327102211637, 0.9028667903390506, 0.8998247436578632, 0.8966763708069645, 0.8936373086574251, 0.8904927747800789, 0.8875146077541036, 0.8845021745949867, 0.8815748972109643, 0.8784640238802489, 0.875508575458786, 0.8724670932609523], "draws_ratio": [0.398406374501992, 0.19960079840319359, 0.2663115845539281, 0.3996003996003996, 0.4796163069544364, 0.39973351099267157, 0.3997715591090805, 0.39980009995002497, 0.3553976010661928, 0.3198720511795282, 0.2908033442384587, 0.26657780739753417, 0.2460781298062135, 0.22850614110254214, 0.23993601706211676, 0.22494376405898525, 0.2117148906139732, 0.19995556542990447, 0.2315302041675437, 0.21995600879824037, 0.20948390782708054, 0.19996364297400473, 0.19127108328986264, 0.18330278286952173, 0.17597184450487924, 0.1692047377326565, 0.162938823877944, 0.1571204113698043, 0.16549441456350847, 0.15997866951073192, 0.15481873306670108, 0.16247969003874516, 0.19391588898315357, 0.19997647335607574, 0.19426351274140097, 0.18886790356627042, 0.1837639174143336, 0.1789285338385433, 0.17434109322120808, 0.16998300169983002], "loss": [0.06322342529892921, 0.04925880953669548, 0.03997375754018625, 0.03634649608284235, 0.09803135444720586, 0.09678807109594345, 0.05771918222308159, 0.07179354131221771, 0.1358162760734558, 0.07707398384809494, 0.051554519683122635, 0.052864412777125835, 0.02849309891462326, 0.04630603548139334, 0.052984099835157394, 0.06647016108036041, 0.09957178309559822, 0.06106565706431866, 0.0749810291454196, 0.10324152559041977, 0.05080906301736832, 0.08269140869379044, 0.08521348237991333, 0.07503897976130247, 0.08302317683895429, 0.06544309978683789, 0.05488185957074165, 0.06694797923167546, 0.07778145124514897, 0.05640202760696411, 0.1192581094801426, 0.04543273523449898, 0.04234015941619873, 0.08849283928672473, 0.06319213658571243, 0.05553838238120079, 0.08897032216191292, 0.10785396955907345, 0.058070532977581024, 0.053924997647603355], "fps": [19.006033475274037, 19.009642746866692, 18.97045929511305, 18.834180050377558, 18.59379158045034, 18.483339098859307, 18.578771533091498, 18.731794291376467, 18.68574678451585, 18.560938197422946, 18.377499873023048, 18.16049887474551, 18.070049471080726, 17.656916343468325, 17.4151075662859, 17.328614739059564, 17.47654374270392, 17.95646949748742, 18.163533686363703, 18.356736921496093, 18.302166255649762, 18.255428909898665, 18.379521431687763, 18.31530162320674, 18.06365168616726, 17.79738314517246, 17.479595291431686, 17.084413573979905, 17.056812082381374, 17.181375207134955, 16.9192180496142, 17.046936931965668, 17.24671568351044, 16.985007593538008, 17.140275137462684, 17.01793371945744, 16.620126750228778, 16.50474127291339, 16.14664712553249, 15.459498954441944]}