{"episodes": [0, 250, 500, 750, 1000, 1250, 1500, 1750, 2000, 2250, 2500, 2750, 3000, 3250, 3500, 3750, 4000, 4250, 4500, 4750, 5000, 5250, 5500, 5750, 6000, 6250, 6500, 6750, 7000, 7250, 7500, 7750, 8000, 8250, 8500, 8750, 9000, 9250, 9500, 9750, 10000, 10250, 10500, 10750, 11000, 11250, 11500, 11750, 12000, 12250, 12500, 12750, 13000, 13250, 13500, 13750, 14000, 14250, 14500, 14750, 15000, 15250, 15500, 15750, 16000, 16250, 16500, 16750, 17000, 17250, 17500, 17750, 18000, 18250, 18500, 18750, 19000, 19250, 19500, 19750, 20000], "overall_win_rate": [0.0, 56.97211155378486, 56.4870259481038, 58.055925432756325, 56.943056943056945, 56.91446842525979, 56.22918054630246, 56.596230725299826, 57.07146426786607, 57.219013771657046, 56.8172730907637, 56.961105052708106, 57.047650783072314, 56.75176868655798, 56.89802913453299, 57.26472940549186, 57.66058485378656, 57.72759350741003, 57.964896689624524, 58.05093664491686, 58.28834233153369, 58.407922300514194, 58.33484820941647, 58.45939836550165, 58.59023496083986, 58.902575587905936, 59.03707121981233, 59.25048141016146, 59.36294815026425, 59.44007723072679, 59.81869084122117, 59.97935750225777, 60.042494688163984, 60.31996121682221, 60.5693447829667, 60.78162495714775, 60.771025441617596, 60.82585666414442, 60.856751920850435, 61.13219157009537, 61.34386561343865, 61.43790849673203, 61.55604228168746, 61.73379220537625, 61.794382328879195, 61.87894409385832, 62.04677854099644, 62.06280316568803, 62.14482126489459, 62.20716676189699, 62.25901927845773, 62.45000392126108, 62.564418121682955, 62.78771413478228, 62.847196503962664, 62.96269362228202, 63.00264266838083, 62.99207073187847, 63.15426522308806, 63.27706596162972, 63.37577494833678, 63.45157694577404, 63.512031481839884, 63.54517173512792, 63.61477407662021, 63.786843886530065, 63.802193806435966, 63.984239746880775, 64.0727016057879, 64.12961567445366, 64.28204102622708, 64.3851050645034, 64.45197489028386, 64.48413785545998, 64.54786227771471, 64.689883206229, 64.7386979632651, 64.77066126434991, 64.81718886210963, 64.86760164042326, 64.93175341232939], "recent_win_rate": [0.0, 56.97211155378486, 56.599999999999994, 58.599999999999994, 57.4, 55.2, 54.800000000000004, 55.800000000000004, 59.599999999999994, 59.4, 55.800000000000004, 55.800000000000004, 58.199999999999996, 55.60000000000001, 56.00000000000001, 60.6, 63.0, 61.199999999999996, 60.4, 60.8, 61.199999999999996, 61.8, 58.8, 59.0, 61.4, 64.0, 64.4, 63.6, 63.6, 62.0, 66.2, 67.80000000000001, 63.4, 65.60000000000001, 69.0, 68.4, 64.2, 61.6, 62.4, 66.8, 70.6, 67.4, 65.8, 67.80000000000001, 66.8, 65.0, 67.60000000000001, 66.2, 64.4, 65.60000000000001, 65.0, 68.4, 70.19999999999999, 71.39999999999999, 70.19999999999999, 67.60000000000001, 67.2, 63.800000000000004, 67.4, 71.39999999999999, 69.8, 68.60000000000001, 67.60000000000001, 66.4, 66.8, 71.39999999999999, 69.8, 70.39999999999999, 73.0, 69.0, 71.39999999999999, 73.2, 70.39999999999999, 68.0, 68.0, 72.2, 71.8, 67.80000000000001, 67.80000000000001, 68.60000000000001, 69.39999999999999], "epsilon": [1.0, 0.9875629560394142, 0.9744665707130526, 0.9609671059882504, 0.9477209901457295, 0.9347649528235757, 0.9221935046992885, 0.9098639135976141, 0.8981346580927771, 0.88600711088756, 0.874445475845642, 0.862836234598985, 0.8509427695205284, 0.8397085289098218, 0.8288878063132642, 0.8182187958419423, 0.8074771394189346, 0.7970797304390518, 0.7869499732483908, 0.776529510736361, 0.7663773050259733, 0.7565772035345489, 0.7467119851901962, 0.7374066599614597, 0.7280825871337221, 0.7187290567859245, 0.7093857257741705, 0.700535042285521, 0.6917532782090289, 0.6830508624744439, 0.6747210156841372, 0.6662994965240009, 0.658150897917627, 0.6499134509816769, 0.6420519190811854, 0.633866991086048, 0.6259147048761441, 0.6184887965646194, 0.6106989043262411, 0.6032755246624987, 0.5953943640106245, 0.5878747710868355, 0.5809001719685535, 0.57385622768911, 0.5669969136833609, 0.5601551674741329, 0.5533793764643146, 0.5465024378430643, 0.5394762362968273, 0.5329505833275038, 0.5263959439517693, 0.5199349168546658, 0.5137483807200003, 0.507599922835598, 0.501311945314202, 0.49519098772741443, 0.48904939211613946, 0.4830588360170864, 0.4771631324797596, 0.47145016369185655, 0.4657590166703621, 0.4599778506362676, 0.45438656793050775, 0.44909896599406096, 0.44341150578085453, 0.43794056936761305, 0.4327599494646069, 0.4272644545814828, 0.42218901779416546, 0.41729069700389715, 0.41235435485738375, 0.4072136689948231, 0.40228186613794564, 0.3974415869417008, 0.39256531905194697, 0.3880514416590494, 0.38347440681592115, 0.3787600351214444, 0.37425329289720477, 0.36988893784500987, 0.3653890812979836], "draws_ratio": [0.0, 0.398406374501992, 0.19960079840319359, 0.13315579227696406, 0.1998001998001998, 0.15987210231814547, 0.13324450366422386, 0.1142204454597373, 0.19990004997501248, 0.26654820079964464, 0.2798880447820872, 0.2544529262086514, 0.26657780739753417, 0.2460781298062135, 0.22850614110254214, 0.21327645961077046, 0.22494376405898525, 0.2352387673488591, 0.2221728504776716, 0.2104820037886761, 0.19996000799840033, 0.19043991620643685, 0.18178512997636792, 0.1738828029907842, 0.19996667222129647, 0.20796672532394817, 0.1999692355022304, 0.20737668493556508, 0.19997143265247821, 0.19307681699075988, 0.1866417810958539, 0.2064249774222681, 0.19997500312460942, 0.19391588898315357, 0.18821315139395364, 0.18283624728602446, 0.18886790356627042, 0.1837639174143336, 0.1894537417113988, 0.184596451645985, 0.17998200179982002, 0.18534777094917568, 0.1809351490334254, 0.17672774625616222, 0.17271157167530224, 0.168873877877522, 0.16520302582384142, 0.18721810909709813, 0.18331805682859761, 0.18773977634478817, 0.1919846412287017, 0.18822053172300213, 0.18460118452426735, 0.1811184061580258, 0.17776461002888674, 0.17453276125372702, 0.1785586743804014, 0.17542628587467546, 0.1724019033170126, 0.17625923666192123, 0.1733217785480968, 0.17703757130679956, 0.17418231081865687, 0.1714176877658561, 0.1687394537841385, 0.1661436219309581, 0.16362644688200714, 0.16118440690108055, 0.15881418740074113, 0.1565126659324097, 0.15427689846294498, 0.16337107768576417, 0.16110216099105604, 0.1588954029916169, 0.1567482838765472, 0.15465841821769505, 0.1526235461291511, 0.16622513116201756, 0.16922209117481155, 0.16708014784061567, 0.16499175041247938],