{"episodes": [250, 500, 750, 1000, 1250, 1500, 1750, 2000, 2250, 2500, 2750, 3000, 3250, 3500, 3750, 4000, 4250, 4500, 4750, 5000, 5250, 5500, 5750, 6000, 6250, 6500, 6750, 7000, 7250, 7500, 7750, 8000, 8250, 8500, 8750, 9000, 9250, 9500, 9750, 10000], "overall_win_rate": [54.18326693227091, 55.489021956087825, 55.25965379494008, 55.64435564435565, 55.875299760191844, 55.49633577614923, 55.625356938892054, 55.72213893053474, 55.619724566859176, 55.49780087964814, 55.216284987277355, 55.38153948683772, 55.58289756997847, 56.0982576406741, 56.27832577979206, 56.36090977255685, 56.269113149847094, 56.12086203065986, 56.51441801725953, 56.4887022595481, 56.29403923062274, 56.5715324486457, 56.4945226917058, 56.623896017330445, 56.390977443609025, 56.683587140439926, 56.85083691304992, 57.034709327238964, 57.10936422562405, 57.152379682708975, 57.32163591794607, 57.655293088363955, 57.593019027996604, 57.75791083401953, 58.084790309678894, 58.115764915009436, 58.166684682737, 58.24650036838227, 58.34273407855605, 58.42415758424158], "recent_win_rate": [54.18326693227091, 55.489021956087825, 55.25965379494008, 55.60000000000001, 56.3, 55.50000000000001, 55.900000000000006, 55.800000000000004, 55.300000000000004, 55.50000000000001, 54.50000000000001, 54.7, 55.50000000000001, 57.599999999999994, 59.199999999999996, 59.3, 58.5, 56.2, 57.4, 56.99999999999999, 56.39999999999999, 58.599999999999994, 56.39999999999999, 57.3, 56.89999999999999, 57.3, 58.9, 59.5, 61.6, 60.199999999999996, 60.5, 62.0, 61.1, 62.3, 64.0, 61.8, 62.9, 62.4, 60.6, 61.199999999999996], "epsilon": [0.9967153979216302, 0.993223050798743, 0.9898023268633731, 0.9863884521538713, 0.983094486774933, 0.9797968242307086, 0.9764906932084338, 0.9730692105363837, 0.9698585173618177, 0.9666197523786288, 0.9632713862419634, 0.9600642190747282, 0.9567289939119556, 0.9534291906810274, 0.9501597716793231, 0.9469678494887834, 0.9438008070333244, 0.9406349500252423, 0.9375031498169504, 0.9343724329970209, 0.9312149215206571, 0.9281191254536834, 0.9250428716734402, 0.9221289532519074, 0.9190311964786217, 0.9160033845980352, 0.912825789162239, 0.9097729315279779, 0.9067892234123548, 0.9038514541464728, 0.9008466271057873, 0.8979819877965672, 0.8949787738214335, 0.8920257441608754, 0.8891713710910816, 0.8863172684261695, 0.8835341723717306, 0.8807377966515787, 0.8778317558461866, 0.8750446776978105], "draws_ratio": [0.398406374501992, 0.19960079840319359, 0.13315579227696406, 0.0999000999000999, 0.07993605115907274, 0.06662225183211193, 0.05711022272986865, 0.04997501249375312, 0.0444247001332741, 0.11995201919232307, 0.14540167211922936, 0.19993335554815062, 0.2153183635804368, 0.2570694087403599, 0.23993601706211676, 0.22494376405898525, 0.2352387673488591, 0.2221728504776716, 0.2104820037886761, 0.19996000799840033, 0.19043991620643685, 0.18178512997636792, 0.1738828029907842, 0.16663889351774705, 0.1919692849144137, 0.18458698661744347, 0.19256406458302472, 0.19997143265247821, 0.2206592194180113, 0.22663644847353684, 0.23222809960005159, 0.23747031621047368, 0.24239486122894197, 0.25879308316668626, 0.25139984001828364, 0.2555271636484835, 0.2594314128202357, 0.2631301968213872, 0.25638396061942365, 0.24997500249975005], "loss": [0.09716122597455978, 0.0702838400999705, 0.07821030914783478, 0.07699797116219997, 0.06983817368745804, 0.07282829005271196, 0.07403929034868877, 0.06703879311680794, 0.06724091246724129, 0.05166356638073921, 0.06311272705594699, 0.07867893576622009, 0.07326096296310425, 0.06553536653518677, 0.062075613997876644, 0.07892324551939964, 0.07413137704133987, 0.09269578568637371, 0.07029077410697937, 0.0731125958263874, 0.052539095282554626, 0.05965638533234596, 0.06812623143196106, 0.07523012906312943, 0.07974950782954693, 0.06389393471181393, 0.05581722781062126, 0.04817252606153488, 0.08367017284035683, 0.05667151138186455, 0.07160086929798126, 0.05527381505817175, 0.07313368717829387, 0.08429007045924664, 0.050614675134420396, 0.06991059333086014, 0.0910552479326725, 0.08273812383413315, 0.06011255457997322, 0.08320224285125732], "fps": [28.11931562036918, 27.730001975735135, 27.815710835406406, 27.7806913523426, 27.882659420164753, 28.140546353053953, 28.147489159187053, 27.98453014673887, 27.995494907555383, 27.953847929839355, 27.726525690565207, 28.030384739669763, 27.527115492215373, 27.127607502396163, 27.073286476834333, 26.93481125588525, 27.40169238199445, 27.54250456206156, 27.796396832787075, 27.471188142785515, 26.72849878554415, 26.81310890320815, 26.62720691423273, 27.184570425087387, 27.62857409053906, 27.585763473471744, 27.10365009301875, 26.552868754187916, 26.539984904563525, 26.58134988664833, 26.96567430383922, 27.371765313900102, 27.20399778720533, 27.056259226054323, 27.286153732136995, 27.152513749851405, 27.578945008222618, 27.871090729905845, 27.712399835178008, 27.910426057041917]}