{"episodes": [0, 250, 500, 750, 1000, 1250, 1500, 1750, 2000, 2250, 2500, 2750, 3000, 3250, 3500, 3750, 4000, 4250, 4500, 4750, 5000, 5250, 5500, 5750, 6000, 6250, 6500, 6750, 7000, 7250, 7500, 7750, 8000, 8250, 8500, 8750, 9000, 9250, 9500, 9750, 10000], "overall_win_rate": [0.0, 56.17529880478087, 56.886227544910184, 57.922769640479366, 58.541458541458546, 58.43325339728217, 58.96069287141905, 58.6521987435751, 59.52023988005997, 60.06219458018658, 60.21591363454618, 60.487095601599414, 60.979673442185934, 60.96585665948939, 61.46815195658384, 61.690215942415364, 62.23444138965258, 62.52646436132675, 62.76383025994223, 62.934119132814146, 62.947410517896415, 63.43553608836412, 63.51572441374296, 63.69327073552425, 63.95600733211132, 64.37370020796672, 64.46700507614213, 64.70152569989631, 64.93358091701185, 65.30133774651772, 65.51126516464471, 65.66894594245903, 65.87926509186352, 66.12531814325536, 66.21573932478532, 66.38098503028226, 66.6592600822131, 66.82520808561236, 67.00347331859804, 67.14183160701467, 67.33326667333267], "recent_win_rate": [0.0, 56.17529880478087, 56.99999999999999, 58.8, 60.199999999999996, 59.199999999999996, 59.8, 59.199999999999996, 61.199999999999996, 65.0, 63.0, 62.4, 64.8, 63.6, 64.4, 66.4, 67.60000000000001, 68.8, 67.0, 66.4, 64.60000000000001, 68.2, 69.19999999999999, 66.4, 68.8, 72.2, 70.6, 68.8, 71.0, 73.4, 73.6, 71.0, 71.39999999999999, 73.2, 71.6, 70.6, 74.2, 74.6, 73.2, 73.0, 73.6], "epsilon": [1.0, 0.9731761881524296, 0.9465795413632433, 0.9212992196729439, 0.8964788782908701, 0.8725976761721755, 0.8491573131462082, 0.8274546747016848, 0.8061374016395967, 0.786100050959327, 0.7667140769019603, 0.7480155954758566, 0.7294083319826777, 0.71080886795476, 0.6936818668360059, 0.6764194178602201, 0.6602068552560226, 0.6442282446484976, 0.6284289384468992, 0.6130048403479263, 0.5975169813775171, 0.5828457547987832, 0.5694850115146104, 0.5560467338833214, 0.5429689985881434, 0.5303685318730856, 0.5177497345949469, 0.5054412789208592, 0.4930752224864464, 0.48173859225491145, 0.47027212041216104, 0.45897300016466275, 0.4483576627081731, 0.43824194953409523, 0.427729519771278, 0.41766134033506397, 0.407467343168713, 0.3979676306912987, 0.38889156700620536, 0.37995789369085586, 0.37102532493334545], "draws_ratio": [0.0, 0.0, 0.19960079840319359, 0.2663115845539281, 0.3996003996003996, 0.31974420463629094, 0.39973351099267157, 0.5139920045688178, 0.49975012493753124, 0.48867170146601513, 0.4398240703718513, 0.43620501635768816, 0.39986671109630123, 0.4306367271608736, 0.3998857469294488, 0.37323380431884834, 0.34991252186953264, 0.32933427428840273, 0.3110419906687403, 0.29467480530414647, 0.2999400119976005, 0.304703865930299, 0.2908562079621887, 0.29560076508433314, 0.28328611898017, 0.2719564869620861, 0.2768804799261652, 0.2666271663457266, 0.2713898014569347, 0.2758240242725142, 0.26663111585121985, 0.2580312217778351, 0.2499687539057618, 0.24239486122894197, 0.25879308316668626, 0.25139984001828364, 0.24441728696811466, 0.23781212841854932, 0.23155457320282075, 0.2256178853450928, 0.21997800219978003], "loss": [0, 0.013731707818806171, 0.011958504095673561, 0.01133504887111485, 0.01436750608910289, 0.015188499382929876, 0.011466028750874102, 0.014704999513924122, 0.02019452474390467, 0.017657211516052485, 0.020149241263667742, 0.016522692449923073, 0.018159574177116156, 0.020236459353731737, 0.019456306627641123, 0.021289230091497302, 0.016382381150668316, 0.017114009514140587, 0.025856970144169673, 0.016062593553215265, 0.01932118134573102, 0.017592820604997023, 0.02103701207254614, 0.01896702768281102, 0.01987919770181179, 0.017309798579663038, 0.020448173057626595, 0.013484677765518427, 0.01898549979721958, 0.021942184151460726, 0.027254034120302934, 0.021995576165084327, 0.026904937997460365, 0.030391945969313383, 0.024733552376606634, 0.02006783295655623, 0.018302422815135548, 0.020416801096871495, 0.02466285030823201, 0.02611370136340459, 0.024042571584383648]}