{"episodes": [250, 500, 750, 1000, 1250, 1500, 1750, 2000, 2250, 2500, 2750, 3000, 3250, 3500, 3750, 4000, 4250, 4500, 4750, 5000, 5250, 5500, 5750, 6000, 6250, 6500, 6750, 7000, 7250, 7500, 7750, 8000, 8250, 8500, 8750, 9000, 9250, 9500, 9750, 10000], "overall_win_rate": [55.77689243027888, 52.09580838323353, 53.26231691078562, 54.845154845154845, 55.315747402078344, 55.69620253164557, 56.08223872073101, 56.17191404297851, 56.374944469124834, 56.13754498200719, 56.524900036350424, 56.58113962012662, 56.997846816364195, 57.09797200799771, 57.02479338842975, 57.38565358660335, 57.77464126087979, 57.83159297933792, 57.73521363923384, 57.70845830833833, 57.51285469434393, 57.49863661152518, 57.346548426360634, 57.44042659556741, 57.20684690449528, 57.098907860329184, 57.235965042215966, 57.24896443365234, 57.357605847469316, 57.43234235435275, 57.566765578635014, 57.59280089988752, 57.593019027996604, 57.45206446300435, 57.33059078962405, 57.42695256082657, 57.58296400389147, 57.562361856646675, 57.563326838273, 57.604239576042396], "recent_win_rate": [55.77689243027888, 52.09580838323353, 53.26231691078562, 54.900000000000006, 55.2, 57.49999999999999, 58.199999999999996, 57.49999999999999, 57.699999999999996, 56.8, 57.3, 57.4, 58.4, 59.5, 58.4, 59.8, 60.3, 60.4, 60.4, 59.0, 56.39999999999999, 56.00000000000001, 55.50000000000001, 56.10000000000001, 55.60000000000001, 54.900000000000006, 56.599999999999994, 56.10000000000001, 58.3, 59.599999999999994, 59.8, 60.0, 59.3, 57.599999999999994, 55.50000000000001, 56.10000000000001, 57.49999999999999, 58.5, 59.599999999999994, 59.199999999999996], "epsilon": [0.9966854968334583, 0.9932826461186215, 0.9899211105664367, 0.9864772313315169, 0.983094486774933, 0.979899708555797, 0.9766371781647263, 0.9734487824891456, 0.970343569085958, 0.9670064785864841, 0.9637194127147176, 0.9604675317447571, 0.9573271379290501, 0.9540968264288492, 0.9509867724413608, 0.9478631593120964, 0.9446600588161275, 0.9415713499232191, 0.9384458164498314, 0.9353400115196381, 0.9322025351492608, 0.9290848738606594, 0.9258850459232723, 0.9228531104851367, 0.919872496962934, 0.9168510818475746, 0.9138441600993824, 0.9106740549655089, 0.9075784752846424, 0.9045703035544277, 0.9014819494910344, 0.8984625378971072, 0.8954621940795743, 0.8925031068105352, 0.8895004261924659, 0.8866541338307111, 0.8836622944356559, 0.8807686230909874, 0.877910764457069, 0.8749090559446691], "draws_ratio": [0.398406374501992, 0.5988023952095809, 0.3994673768308922, 0.3996003996003996, 0.31974420463629094, 0.2664890073284477, 0.34266133637921187, 0.39980009995002497, 0.444247001332741, 0.39984006397441024, 0.39985459832788073, 0.39986671109630123, 0.3998769609350969, 0.371322479291631, 0.37323380431884834, 0.34991252186953264, 0.35285815102328866, 0.33325927571650743, 0.3788676068196169, 0.3599280143971206, 0.36183584079223, 0.3453917469550991, 0.33037732568249, 0.3166138976837194, 0.3199488081906895, 0.3076449776957391, 0.29625240705080724, 0.3142408227396086, 0.3034064266997656, 0.2932942274363418, 0.28383434395561863, 0.287464066991626, 0.2787540904132832, 0.27055640512880835, 0.26282710547366017, 0.2555271636484835, 0.2486217706193925, 0.24207978107567626, 0.23587324376986976, 0.22997700229977], "loss": [0.04650815762579441, 0.048680828884243965, 0.06935347057878971, 0.04324651136994362, 0.057329932848612465, 0.04717481508851051, 0.05850217491388321, 0.08479324914515018, 0.06233483366668224, 0.048039643093943596, 0.0597222081075112, 0.06658421953519185, 0.09365908987820148, 0.07385732233524323, 0.05601970385760069, 0.04561679717153311, 0.02949703484773636, 0.06416262872517109, 0.06685621291399002, 0.059028685092926025, 0.0659091913451751, 0.06974419703086217, 0.07442812323570251, 0.045598926643530525, 0.10250452905893326, 0.053692022959391274, 0.08360727317631245, 0.061782123520970345, 0.07686074338853359, 0.12480603903532028, 0.042560216039419174, 0.07006417214870453, 0.052523511151472725, 0.06791858449578285, 0.05448411405086517, 0.08395293354988098, 0.1195545056834817, 0.05685658473521471, 0.04793481528759003, 0.06974286586046219], "fps": [20.71980749068022, 20.804769770291117, 20.901066684420154, 20.791744286981338, 20.78669736689893, 20.877427106226406, 20.851844383971738, 21.040309609041994, 21.28861725372998, 20.98710533923149, 20.665955965005484, 20.35258358462027, 18.833595582097015, 18.40303225239882, 18.364596720158747, 18.31615590355719, 19.23251070817606, 19.586801218020206, 19.540324222600823, 19.481839125663065, 19.460032336295168, 19.51450754275498, 19.499973058141737, 19.616780068131987, 19.7612862641613, 19.942242721505565, 20.402342686561948, 20.302983658633277, 20.372810665066595, 20.079623004204883, 19.380857891980803, 19.10419567691635, 18.604823970800865, 18.62701319536747, 18.78280971022554, 18.793536997374293, 18.846979955092348, 18.755995675880268, 18.776347710320522, 18.40439541985097]}