{"episodes": [250, 500, 750, 1000, 1250, 1500, 1750, 2000, 2250, 2500, 2750, 3000, 3250, 3500, 3750, 4000, 4250, 4500, 4750, 5000, 5250, 5500, 5750, 6000, 6250, 6500, 6750, 7000, 7250, 7500, 7750, 8000, 8250, 8500, 8750, 9000, 9250, 9500, 9750, 10000], "overall_win_rate": [56.97211155378486, 57.48502994011976, 58.45539280958722, 56.44355644355644, 55.955235811350924, 56.029313790806135, 56.08223872073101, 56.47176411794103, 56.863616170590845, 57.45701719312275, 57.50636132315522, 57.71409530156615, 57.120885881267306, 57.21222507854898, 57.478005865102645, 57.310672331917026, 57.44530698659139, 57.209508998000445, 57.12481582824669, 57.08858228354329, 57.30337078651685, 57.244137429558265, 57.224830464267086, 57.073821029828366, 56.99888017917133, 57.12967235809875, 57.206339801510886, 57.16326239108699, 57.02661701834229, 57.059058792161046, 56.89588440201264, 56.80539932508436, 56.70827778451096, 56.852135042936126, 57.102045480516516, 57.33807354738363, 57.33434223327208, 57.63603831175666, 57.73766793149421, 57.71422857714229], "recent_win_rate": [56.97211155378486, 57.48502994011976, 58.45539280958722, 56.49999999999999, 55.7, 55.300000000000004, 54.300000000000004, 56.49999999999999, 57.99999999999999, 59.599999999999994, 60.0, 60.199999999999996, 57.699999999999996, 56.599999999999994, 57.4, 56.10000000000001, 58.5, 57.199999999999996, 55.800000000000004, 56.2, 56.699999999999996, 57.4, 57.699999999999996, 56.99999999999999, 55.400000000000006, 56.49999999999999, 57.099999999999994, 57.699999999999996, 57.199999999999996, 56.599999999999994, 54.800000000000004, 54.300000000000004, 54.400000000000006, 55.300000000000004, 58.699999999999996, 61.6, 62.5, 64.3, 63.3, 61.1], "epsilon": [0.29964545922037006, 0.29926814322909806, 0.2988800941294879, 0.2984970256251131, 0.2981345715213657, 0.29774203737136795, 0.2973604274910659, 0.2969882162363245, 0.2966179539728441, 0.2962555596297918, 0.2959024849961791, 0.2955409647806248, 0.2951739827079798, 0.29480229723617934, 0.29443107979373817, 0.2940529783657689, 0.2936790334562729, 0.2932967650437047, 0.2929391607263324, 0.2925761408321044, 0.29221503187746467, 0.2918448834929655, 0.2915043529891833, 0.29114675047233, 0.2907924945578556, 0.2904466568712682, 0.290101230487268, 0.28974027874320313, 0.28937254169197946, 0.28900382634640726, 0.2886189847244184, 0.28824618519425443, 0.2878709884689512, 0.28749340516784894, 0.28714718382209714, 0.28682719274032414, 0.28646601761411306, 0.2861346246151796, 0.2858079020739424, 0.2854615695662731], "draws_ratio": [0.0, 0.0, 0.0, 0.0, 0.0, 0.0, 0.0, 0.0, 0.0, 0.0, 0.0, 0.0, 0.030759766225776686, 0.028563267637817767, 0.026659557451346308, 0.024993751562109475, 0.023523876734885908, 0.02221728504776716, 0.021048200378867607, 0.01999600079984003, 0.01904399162064369, 0.018178512997636793, 0.01738828029907842, 0.016663889351774704, 0.015997440409534474, 0.015382248884786957, 0.014812620352540364, 0.014283673760891302, 0.027582402427251414, 0.026663111585121982, 0.02580312217778351, 0.03749531308586427, 0.03635922918434129, 0.03528996588636631, 0.03428179636612959, 0.03332963004110655, 0.03242892660252946, 0.031575623618566466, 0.03076607527433084, 0.029997000299970003], "loss": [0.0818120464682579, 0.034116506576538086, 0.024416040629148483, 0.06675899401307106, 0.048540305346250534, 0.05046173743903637, 0.04008808918297291, 0.03903651423752308, 0.04811599850654602, 0.05315406806766987, 0.05925007909536362, 0.07016645247737567, 0.04981931298971176, 0.07090368866920471, 0.07681098580360413, 0.03513714950531721, 0.061063822358846664, 0.06608434207737446, 0.07770217085878055, 0.038877601735293865, 0.032914452254772186, 0.11531678587198257, 0.05556685167054335, 0.10851151868700981, 0.047448188066482544, 0.045451583340764046, 0.06199807425340017, 0.03568281792104244, 0.04555019177496433, 0.04331195540726185, 0.060882341116666794, 0.05720956549048424, 0.059405144304037094, 0.05080949515104294, 0.04794273292645812, 0.07658219337463379, 0.10561785101890564, 0.07694484045108159, 0.065804623067379, 0.061951981857419014], "fps": [21.71500889784882, 21.464868318790398, 21.277005600841, 21.233398510855896, 21.297305737762787, 21.014597508213125, 21.007283219097857, 21.006115917579876, 20.741851493548868, 20.703226167482676, 20.549602043958096, 20.009920174554004, 18.927353346522374, 18.057240394353084, 16.951842558203786, 15.976777772036103, 15.447306812890375, 14.789823890118711, 14.614243791548992, 14.44685491496894, 14.30436717714573, 14.246778969320522, 14.210559147886858, 14.117892085437404, 14.020843511901216, 14.018055577929493, 13.83106371772696, 13.626365903562315, 13.347304493695788, 12.981365498639839, 12.090776725970857, 10.911488897658435, 9.625137255547207, 8.513730690131043, 7.84025345997609, 7.537848936112524, 7.069538439001387, 6.818286244902129, 6.581074763468894, 6.219959911956902], "avg_moves": [14.98406374501992, 15.27744510978044, 15.51930758988016, 15.611, 15.623, 15.801, 15.769, 15.653, 15.742, 15.426, 15.126, 15.032, 15.033, 15.164, 15.374, 15.591, 15.663, 15.816, 15.704, 15.544, 15.427, 15.302, 15.131, 15.102, 15.064, 14.805, 14.869, 14.925, 15.088, 15.372, 15.848, 15.997, 16.104, 16.217, 15.767, 15.178, 15.035, 14.511, 14.333, 14.659], "max_streak": [3, 0, 0, 0, 4, 7, 1, 1, 1, 0, 2, 0, 0, 1, 6, 2, 4, 0, 1, 0, 1, 6, 0, 1, 0, 0, 0, 3, 1, 0, 0, 0, 4, 0, 0, 0, 0, 6, 1, 1], "win_rate_improvement": [0, 0.5129183863348956, 0.9703628694674578, -1.9553928095872237, -0.79999999999999, -0.3999999999999986, -1.0, 2.1999999999999886, 1.5, 1.6000000000000014, 0.4000000000000057, 0.19999999999999574, -2.5, -1.1000000000000014, 0.8000000000000043, -1.29999999999999, 2.3999999999999915, -1.3000000000000043, -1.3999999999999915, 0.3999999999999986, 0.4999999999999929, 0.7000000000000028, 0.29999999999999716, -0.7000000000000028, -1.5999999999999872, 1.0999999999999872, 0.6000000000000014, 0.6000000000000014, -0.5, -0.6000000000000014, -1.79999999999999, -0.5, 0.10000000000000142, 0.8999999999999986, 3.3999999999999915, 2.9000000000000057, 0.8999999999999986, 1.7999999999999972, -1.0, -2.1999999999999957]}