{"episodes": [0, 250, 500, 750, 1000, 1250, 1500, 1750, 2000, 2250, 2500, 2750, 3000, 3250, 3500, 3750, 4000, 4250, 4500, 4750, 5000, 5250, 5500, 5750, 6000, 6250, 6500, 6750, 7000, 7250, 7500, 7750, 8000, 8250, 8500, 8750, 9000, 9250, 9500, 9750, 10000], "overall_win_rate": [0.0, 56.97211155378486, 56.4870259481038, 58.055925432756325, 56.943056943056945, 56.91446842525979, 56.22918054630246, 56.596230725299826, 57.07146426786607, 57.219013771657046, 56.8172730907637, 56.961105052708106, 57.047650783072314, 56.75176868655798, 56.89802913453299, 57.26472940549186, 57.66058485378656, 57.72759350741003, 57.964896689624524, 58.05093664491686, 58.28834233153369, 58.407922300514194, 58.33484820941647, 58.45939836550165, 58.59023496083986, 58.902575587905936, 59.03707121981233, 59.25048141016146, 59.36294815026425, 59.44007723072679, 59.81869084122117, 59.97935750225777, 60.042494688163984, 60.31996121682221, 60.5693447829667, 60.78162495714775, 60.771025441617596, 60.82585666414442, 60.856751920850435, 61.13219157009537, 61.34386561343865], "recent_win_rate": [0.0, 56.97211155378486, 56.599999999999994, 58.599999999999994, 57.4, 55.2, 54.800000000000004, 55.800000000000004, 59.599999999999994, 59.4, 55.800000000000004, 55.800000000000004, 58.199999999999996, 55.60000000000001, 56.00000000000001, 60.6, 63.0, 61.199999999999996, 60.4, 60.8, 61.199999999999996, 61.8, 58.8, 59.0, 61.4, 64.0, 64.4, 63.6, 63.6, 62.0, 66.2, 67.80000000000001, 63.4, 65.60000000000001, 69.0, 68.4, 64.2, 61.6, 62.4, 66.8, 70.6], "epsilon": [1.0, 0.9875629560394142, 0.9744665707130526, 0.9609671059882504, 0.9477209901457295, 0.9347649528235757, 0.9221935046992885, 0.9098639135976141, 0.8981346580927771, 0.88600711088756, 0.874445475845642, 0.862836234598985, 0.8509427695205284, 0.8397085289098218, 0.8288878063132642, 0.8182187958419423, 0.8074771394189346, 0.7970797304390518, 0.7869499732483908, 0.776529510736361, 0.7663773050259733, 0.7565772035345489, 0.7467119851901962, 0.7374066599614597, 0.7280825871337221, 0.7187290567859245, 0.7093857257741705, 0.700535042285521, 0.6917532782090289, 0.6830508624744439, 0.6747210156841372, 0.6662994965240009, 0.658150897917627, 0.6499134509816769, 0.6420519190811854, 0.633866991086048, 0.6259147048761441, 0.6184887965646194, 0.6106989043262411, 0.6032755246624987, 0.5953943640106245], "draws_ratio": [0.0, 0.398406374501992, 0.19960079840319359, 0.13315579227696406, 0.1998001998001998, 0.15987210231814547, 0.13324450366422386, 0.1142204454597373, 0.19990004997501248, 0.26654820079964464, 0.2798880447820872, 0.2544529262086514, 0.26657780739753417, 0.2460781298062135, 0.22850614110254214, 0.21327645961077046, 0.22494376405898525, 0.2352387673488591, 0.2221728504776716, 0.2104820037886761, 0.19996000799840033, 0.19043991620643685, 0.18178512997636792, 0.1738828029907842, 0.19996667222129647, 0.20796672532394817, 0.1999692355022304, 0.20737668493556508, 0.19997143265247821, 0.19307681699075988, 0.1866417810958539, 0.2064249774222681, 0.19997500312460942, 0.19391588898315357, 0.18821315139395364, 0.18283624728602446, 0.18886790356627042, 0.1837639174143336, 0.1894537417113988, 0.184596451645985, 0.17998200179982002], "loss": [0, 0.015116215295468768, 0.016132569188872972, 0.01691760364919901, 0.016284526015321415, 0.01796961280827721, 0.019649329802228346, 0.01837502054071852, 0.021550975274294615, 0.01796816335991025, 0.027155110080327307, 0.0260472703151978, 0.022058504808228463, 0.02341812290251255, 0.025629712562812, 0.023093924392014742, 0.025350746750417683, 0.025455291249922345, 0.019667177833616732, 0.026294517996055738, 0.028617755086584526, 0.03385463255372914, 0.027511742793851428, 0.029122907095230542, 0.028785809781402348, 0.02782379939324326, 0.02626185491681099, 0.03260408354302247, 0.033104378171265124, 0.026432938443926666, 0.026392988782996934, 0.03271637408232147, 0.028708294872194527, 0.03208582103252411, 0.03360938399352811, 0.03483568182723089, 0.027662531544382755, 0.028212258778512477, 0.03383663296699524, 0.035299939569085836, 0.0320614254610105]}