{"episodes": [250, 500, 750, 1000, 1250, 1500, 1750, 2000, 2250, 2500, 2750, 3000, 3250, 3500, 3750, 4000, 4250, 4500, 4750, 5000, 5250, 5500, 5750, 6000, 6250, 6500, 6750, 7000, 7250, 7500, 7750, 8000, 8250, 8500, 8750, 9000, 9250, 9500, 9750, 10000, 10250, 10500, 10750, 11000, 11250, 11500, 11750, 12000, 12250, 12500, 12750, 13000, 13250, 13500, 13750, 14000, 14250, 14500, 14750, 15000, 15250, 15500, 15750, 16000, 16250, 16500, 16750, 17000, 17250, 17500, 17750, 18000, 18250, 18500, 18750, 19000, 19250, 19500, 19750, 20000], "overall_win_rate": [54.18326693227091, 55.489021956087825, 55.25965379494008, 55.64435564435565, 55.875299760191844, 55.49633577614923, 55.625356938892054, 55.72213893053474, 55.619724566859176, 55.49780087964814, 55.216284987277355, 55.38153948683772, 55.58289756997847, 56.0982576406741, 56.27832577979206, 56.36090977255685, 56.269113149847094, 56.12086203065986, 56.51441801725953, 56.4887022595481, 56.29403923062274, 56.5715324486457, 56.4945226917058, 56.623896017330445, 56.390977443609025, 56.683587140439926, 56.85083691304992, 57.034709327238964, 57.10936422562405, 57.152379682708975, 57.32163591794607, 57.655293088363955, 57.593019027996604, 57.75791083401953, 58.084790309678894, 58.115764915009436, 58.166684682737, 58.24650036838227, 58.34273407855605, 58.42415758424158, 58.50160959906351, 58.727740215217594, 58.896846804948375, 58.96736660303608, 59.03475246644743, 59.0644291800713, 59.08433324823419, 59.22006499458379, 59.4155579136397, 59.5632349412047, 59.65806603403655, 59.71848319360049, 59.746434231378764, 59.82519813347159, 59.84292051487164, 59.91714877508749, 59.96070451196407, 60.11999172470864, 60.18575011863603, 60.17598826744883, 60.2714576093371, 60.26707954325528, 60.24379404482255, 60.29623148553216, 60.34705556581134, 60.34179746682019, 60.39042445227151, 60.45526733721546, 60.57619848124747, 60.65939089194903, 60.80220832629147, 60.91328259541137, 60.95008492685332, 60.953461975028375, 61.026078609140846, 61.02310404715541, 61.11890291413433, 61.16096610430234, 61.3032251531568, 61.39193040347982], "recent_win_rate": [54.18326693227091, 55.489021956087825, 55.25965379494008, 55.60000000000001, 56.3, 55.50000000000001, 55.900000000000006, 55.800000000000004, 55.300000000000004, 55.50000000000001, 54.50000000000001, 54.7, 55.50000000000001, 57.599999999999994, 59.199999999999996, 59.3, 58.5, 56.2, 57.4, 56.99999999999999, 56.39999999999999, 58.599999999999994, 56.39999999999999, 57.3, 56.89999999999999, 57.3, 58.9, 59.5, 61.6, 60.199999999999996, 60.5, 62.0, 61.1, 62.3, 64.0, 61.8, 62.9, 62.4, 60.6, 61.199999999999996, 61.6, 63.3, 64.3, 64.4, 64.5, 62.6, 61.1, 62.0, 63.7, 65.3, 66.4, 65.7, 63.800000000000004, 63.1, 62.2, 62.5, 62.8, 64.1, 64.9, 63.800000000000004, 64.7, 62.4, 61.1, 62.1, 61.5, 61.5, 62.7, 63.0, 64.3, 65.9, 67.7, 68.7, 67.4, 66.10000000000001, 65.0, 63.0, 64.2, 65.0, 66.5, 68.4], "epsilon": [0.9967153979216302, 0.993223050798743, 0.9898023268633731, 0.9863884521538713, 0.983094486774933, 0.9797968242307086, 0.9764906932084338, 0.9730692105363837, 0.9698585173618177, 0.9666197523786288, 0.9632713862419634, 0.9600642190747282, 0.9567289939119556, 0.9534291906810274, 0.9501597716793231, 0.9469678494887834, 0.9438008070333244, 0.9406349500252423, 0.9375031498169504, 0.9343724329970209, 0.9312149215206571, 0.9281191254536834, 0.9250428716734402, 0.9221289532519074, 0.9190311964786217, 0.9160033845980352, 0.912825789162239, 0.9097729315279779, 0.9067892234123548, 0.9038514541464728, 0.9008466271057873, 0.8979819877965672, 0.8949787738214335, 0.8920257441608754, 0.8891713710910816, 0.8863172684261695, 0.8835341723717306, 0.8807377966515787, 0.8778317558461866, 0.8750446776978105, 0.8722402807365774, 0.86950138737376, 0.8667450915132012, 0.863954334131239, 0.8612802160346916, 0.8583911636122555, 0.855635860655756, 0.8528766085188082, 0.8501475078856161, 0.8474737499310064, 0.8448210733364172, 0.8422019656248836, 0.839599373623422, 0.8369336816476728, 0.8342973103537205, 0.8316151868453477, 0.8290411651260835, 0.8265577623888387, 0.8239664350496451, 0.8213832317372092, 0.8186525678275948, 0.8161023458554169, 0.8135112559343407, 0.8109689401472339, 0.808357771559816, 0.8057711257494188, 0.803281113172297, 0.8008068033376698, 0.7983999929094374, 0.7959287791137801, 0.7935644038370364, 0.7911002461320547, 0.7887620458016723, 0.7863442534867218, 0.7839338724306033, 0.7814527305397537, 0.7790106013138378, 0.7767159006508093, 0.7743195468003152, 0.7719112882014616], "draws_ratio": [0.398406374501992, 0.19960079840319359, 0.13315579227696406, 0.0999000999000999, 0.07993605115907274, 0.06662225183211193, 0.05711022272986865, 0.04997501249375312, 0.0444247001332741, 0.11995201919232307, 0.14540167211922936, 0.19993335554815062, 0.2153183635804368, 0.2570694087403599, 0.23993601706211676, 0.22494376405898525, 0.2352387673488591, 0.2221728504776716, 0.2104820037886761, 0.19996000799840033, 0.19043991620643685, 0.18178512997636792, 0.1738828029907842, 0.16663889351774705, 0.1919692849144137, 0.18458698661744347, 0.19256406458302472, 0.19997143265247821, 0.2206592194180113, 0.22663644847353684, 0.23222809960005159, 0.23747031621047368, 0.24239486122894197, 0.25879308316668626, 0.25139984001828364, 0.2555271636484835, 0.2594314128202357, 0.2631301968213872, 0.25638396061942365, 0.24997500249975005, 0.24387864598575748, 0.23807256451766498, 0.2325365082317924, 0.2363421507135715, 0.23109056972713538, 0.23476219459177464, 0.23827759339630666, 0.24164652945587867, 0.24487796914537588, 0.23998080153587714, 0.24311818680887773, 0.24613491269902316, 0.24149120821070108, 0.23701948003851564, 0.23271034833830267, 0.23569745018212984, 0.2315626973545716, 0.23446658851113714, 0.23049284794251237, 0.23331777881474566, 0.2360500950757327, 0.23224308109154249, 0.23490572027172876, 0.23748515717767638, 0.24613869915697495, 0.2424095509363069, 0.25073129962390306, 0.24704429151226398, 0.2434641470059707, 0.2399862864979144, 0.23660638837248604, 0.24998611188267317, 0.24656183222837103, 0.2540403221447489, 0.2506532984907472, 0.2473554023472449, 0.24414316139421327, 0.24101328137018613, 0.2379626348033011, 0.24498775061246938], "loss": [0.09716122597455978, 0.0702838400999705, 0.07821030914783478, 0.07699797116219997, 0.06983817368745804, 0.07282829005271196, 0.07403929034868877, 0.06703879311680794, 0.06724091246724129, 0.05166356638073921, 0.06311272705594699, 0.07867893576622009, 0.07326096296310425, 0.06553536653518677, 0.062075613997876644, 0.07892324551939964, 0.07413137704133987, 0.09269578568637371, 0.07029077410697937, 0.0731125958263874, 0.052539095282554626, 0.05965638533234596, 0.06812623143196106, 0.07523012906312943, 0.07974950782954693, 0.06389393471181393, 0.05581722781062126, 0.04817252606153488, 0.08367017284035683, 0.05667151138186455, 0.07160086929798126, 0.05527381505817175, 0.07313368717829387, 0.08429007045924664, 0.050614675134420396, 0.06991059333086014, 0.0910552479326725, 0.08273812383413315, 0.06011255457997322, 0.08320224285125732, 0.05839638598263264, 0.06836272776126862, 0.08966085314750671, 0.06903559962908427, 0.06847922876477242, 0.0753854950889945, 0.06838736310601234, 0.058617000778516136, 0.09392329305410385, 0.07553227245807648, 0.0638657808303833, 0.05870581232011318, 0.07968883216381073, 0.07280796393752098, 0.06324251554906368, 0.0785968949397405, 0.07463544607162476, 0.07403558120131493, 0.057379838079214096, 0.050064330299695335, 0.05784290408094724, 0.0751593957344691, 0.0654606893658638, 0.049921391531825066, 0.06156484689563513, 0.037835353054106236, 0.0637168362736702, 0.06692811846733093, 0.07123119135697682, 0.05715428292751312, 0.08231400046497583, 0.07737882249057293, 0.06507611647248268, 0.0484849251806736, 0.07644879817962646, 0.06705775205045938, 0.08751123864203691, 0.05938207171857357, 0.05742921928564707, 0.06249175127595663],