{"episodes": [0, 250, 500, 750, 1000, 1250, 1500, 1750, 2000, 2250, 2500, 2750, 3000, 3250, 3500, 3750, 4000, 4250, 4500, 4750, 5000, 5250, 5500, 5750, 6000, 6250, 6500, 6750, 7000, 7250, 7500, 7750, 8000, 8250, 8500, 8750, 9000, 9250, 9500, 9750, 10000, 10250, 10500, 10750, 11000, 11250, 11500, 11750, 12000, 12250, 12500, 12750, 13000, 13250, 13500, 13750, 14000, 14250, 14500, 14750, 15000, 15250, 15500, 15750, 16000, 16250, 16500, 16750, 17000, 17250, 17500, 17750, 18000, 18250, 18500, 18750, 19000, 19250, 19500, 19750, 20000], "overall_win_rate": [0.0, 56.17529880478087, 56.886227544910184, 57.922769640479366, 58.541458541458546, 58.43325339728217, 58.96069287141905, 58.6521987435751, 59.52023988005997, 60.06219458018658, 60.21591363454618, 60.487095601599414, 60.979673442185934, 60.96585665948939, 61.46815195658384, 61.690215942415364, 62.23444138965258, 62.52646436132675, 62.76383025994223, 62.934119132814146, 62.947410517896415, 63.43553608836412, 63.51572441374296, 63.69327073552425, 63.95600733211132, 64.37370020796672, 64.46700507614213, 64.70152569989631, 64.93358091701185, 65.30133774651772, 65.51126516464471, 65.66894594245903, 65.87926509186352, 66.12531814325536, 66.21573932478532, 66.38098503028226, 66.6592600822131, 66.82520808561236, 67.00347331859804, 67.14183160701467, 67.33326667333267, 67.44707833382108, 67.62213122559756, 67.83555018137848, 67.89382783383329, 67.96729179628478, 68.10712111990262, 68.3090800782912, 68.42763103074743, 68.50869316790467, 68.5625149988001, 68.6769665124304, 68.92546727174833, 69.05139234774734, 69.11339900748092, 69.17315104356047, 69.23791157774446, 69.34951933197671, 69.32625336183712, 69.28343841095518, 69.28871408572762, 69.40528489935086, 69.49874201664409, 69.59558123293759, 69.6893944128492, 69.70032613377639, 69.80183019210958, 69.91821383797982, 70.007646609023, 70.0423163874558, 70.12742129021198, 70.19322855050419, 70.22387645130827, 70.31395539970413, 70.33673855467272, 70.43357687589994, 70.49102678806378, 70.53140096618358, 70.48869288754422, 70.49769631917371, 70.55147242637868], "recent_win_rate": [0.0, 56.17529880478087, 56.99999999999999, 58.8, 60.199999999999996, 59.199999999999996, 59.8, 59.199999999999996, 61.199999999999996, 65.0, 63.0, 62.4, 64.8, 63.6, 64.4, 66.4, 67.60000000000001, 68.8, 67.0, 66.4, 64.60000000000001, 68.2, 69.19999999999999, 66.4, 68.8, 72.2, 70.6, 68.8, 71.0, 73.4, 73.6, 71.0, 71.39999999999999, 73.2, 71.6, 70.6, 74.2, 74.6, 73.2, 73.0, 73.6, 73.4, 73.4, 75.8, 73.6, 70.8, 72.8, 76.0, 75.8, 73.2, 71.8, 72.8, 78.0, 78.60000000000001, 74.0, 72.39999999999999, 72.6, 74.2, 71.8, 67.4, 68.2, 73.0, 75.8, 75.4, 75.6, 73.0, 73.4, 77.0, 76.8, 74.2, 74.2, 75.4, 73.6, 74.6, 74.4, 74.8, 76.2, 74.2, 70.39999999999999, 69.19999999999999, 73.0], "epsilon": [1.0, 0.9731761881524296, 0.9465795413632433, 0.9212992196729439, 0.8964788782908701, 0.8725976761721755, 0.8491573131462082, 0.8274546747016848, 0.8061374016395967, 0.786100050959327, 0.7667140769019603, 0.7480155954758566, 0.7294083319826777, 0.71080886795476, 0.6936818668360059, 0.6764194178602201, 0.6602068552560226, 0.6442282446484976, 0.6284289384468992, 0.6130048403479263, 0.5975169813775171, 0.5828457547987832, 0.5694850115146104, 0.5560467338833214, 0.5429689985881434, 0.5303685318730856, 0.5177497345949469, 0.5054412789208592, 0.4930752224864464, 0.48173859225491145, 0.47027212041216104, 0.45897300016466275, 0.4483576627081731, 0.43824194953409523, 0.427729519771278, 0.41766134033506397, 0.407467343168713, 0.3979676306912987, 0.38889156700620536, 0.37995789369085586, 0.37102532493334545, 0.36275591907220156, 0.3539551060600837, 0.3460765431268799, 0.3382887631848245, 0.3302400252458958, 0.3225601471540442, 0.3152258943228456, 0.30773511182557084, 0.3005275011919955, 0.2935327302677569, 0.2866577603774855, 0.28035563451013407, 0.2740604786261534, 0.2676629899062975, 0.2615325037211504, 0.2555730957432734, 0.24971701627552934, 0.24392925008805008, 0.23845917250061785, 0.232902053348589, 0.22779312769122578, 0.22266931280192462, 0.21786326898854844, 0.21309701871628162, 0.20846213936838154, 0.20381797708345614, 0.19936099285247996, 0.19490399475451986, 0.1905504501681516, 0.1862568948370425, 0.1820327764292513, 0.1778920038256642, 0.1738749794198387, 0.16990108525725456, 0.1663054752069177, 0.1626801818911196, 0.15902415127221783, 0.15549537264686847, 0.1517820867544044, 0.14856547131044126], "draws_ratio": [0.0, 0.0, 0.19960079840319359, 0.2663115845539281, 0.3996003996003996, 0.31974420463629094, 0.39973351099267157, 0.5139920045688178, 0.49975012493753124, 0.48867170146601513, 0.4398240703718513, 0.43620501635768816, 0.39986671109630123, 0.4306367271608736, 0.3998857469294488, 0.37323380431884834, 0.34991252186953264, 0.32933427428840273, 0.3110419906687403, 0.29467480530414647, 0.2999400119976005, 0.304703865930299, 0.2908562079621887, 0.29560076508433314, 0.28328611898017, 0.2719564869620861, 0.2768804799261652, 0.2666271663457266, 0.2713898014569347, 0.2758240242725142, 0.26663111585121985, 0.2580312217778351, 0.2499687539057618, 0.24239486122894197, 0.25879308316668626, 0.25139984001828364, 0.24441728696811466, 0.23781212841854932, 0.23155457320282075, 0.2256178853450928, 0.21997800219978003, 0.2146132084674666, 0.21902675935625177, 0.213933587573249, 0.20907190255431324, 0.20442627322015822, 0.20867750630379966, 0.20423793719683433, 0.19998333472210647, 0.1959023753163007, 0.1919846412287017, 0.18822053172300213, 0.19229290054611184, 0.18866500641461023, 0.18517146878009036, 0.18180495963929896, 0.1785586743804014, 0.17542628587467546, 0.1724019033170126, 0.16948003525184735, 0.1733217785480968, 0.17048062422136254, 0.16773111412166958, 0.16506888451526888, 0.16248984438472597, 0.1661436219309581, 0.1696866856554148, 0.1671541997492687, 0.1646961943415093, 0.1623094313373138, 0.1599908576652763, 0.15773759224832404, 0.16110216099105604, 0.1588954029916169, 0.1567482838765472, 0.15465841821769505, 0.1526235461291511, 0.15583606046439144, 0.15383826470437414, 0.15189104349146879, 0.14999250037498127], "loss": [0, 0.013731707818806171, 0.011958504095673561, 0.01133504887111485, 0.01436750608910289, 0.015188499382929876, 0.011466028750874102, 0.014704999513924122, 0.02019452474390467, 0.017657211516052485, 0.020149241263667742, 0.016522692449923073, 0.018159574177116156, 0.020236459353731737, 0.019456306627641123, 0.021289230091497302, 0.016382381150668316, 0.017114009514140587, 0.025856970144169673, 0.016062593553215265, 0.01932118134573102, 0.017592820604997023, 0.02103701207254614, 0.01896702768281102, 0.01987919770181179, 0.017309798579663038, 0.020448173057626595, 0.013484677765518427, 0.01898549979721958, 0.021942184151460726, 0.027254034120302934, 0.021995576165084327, 0.026904937997460365, 0.030391945969313383, 0.024733552376606634, 0.02006783295655623, 0.018302422815135548, 0.020416801096871495, 0.02466285030823201, 0.02611370136340459, 0.024042571584383648, 0.02126961370760744, 0.02545234080977165, 0.021748302814861138, 0.021815808722749352, 0.022930763994476626, 0.02564715004215638, 0.02281244993209839, 0.022979224333539605, 0.025906641618348658, 0.021999893942847848, 0.020550094172358514, 0.023499224334955215, 0.02416103695415788, 0.0192911378107965, 0.024211201478134502, 0.026377434725873172, 0.02481535097051944, 0.02531604003161192, 0.025503285601735114, 0.0189820047467947, 0.023357929661870003, 0.01832316303625703, 0.026337823908155162, 0.01906928140670061, 0.02545031253248453, 0.021060052184531323, 0.028644697624258697, 0.027337034025953874, 0.02822292211931199, 0.0288848047144711, 0.027159873928342546, 0.026621022494509816, 0.02651805488858372, 0.03127300056318442, 0.029938456369563937, 0.03026476502418518, 0.02692672284319997, 0.02791236701110999, 0.028298392064041562, 0.03163733139920693]}