{"episodes": [0, 100, 200, 300, 400, 500, 600, 700, 800, 900, 1000, 1100, 1200, 1300, 1400, 1500, 1600, 1700, 1800, 1900], "overall_win_rate": [0.0, 0.0, 0.0, 0.0, 0.0, 0.0, 0.0, 0.0, 0.0, 0.0, 0.0, 0.0, 0.0, 0.0, 0.0, 0.0, 0.0, 0.0, 0.0, 0.0], "recent_win_rate": [0.0, 0.0, 0.0, 0.0, 0.0, 0.0, 0.0, 0.0, 0.0, 0.0, 0.0, 0.0, 0.0, 0.0, 0.0, 0.0, 0.0, 0.0, 0.0, 0.0], "q_table_size": [4, 291, 491, 642, 850, 1027, 1200, 1428, 1645, 1839, 2049, 2194, 2448, 2706, 2966, 3219, 3459, 3673, 3937, 4132], "epsilon": [0.999, 0.9038873549665959, 0.8178301806491574, 0.7399663251239436, 0.6695157201007336, 0.6057725659163237, 0.548098260578011, 0.4959150020176678, 0.44869999946146477, 0.4059802359226587, 0.36732772934619257, 0.33235524492954527, 0.3007124156643058, 0.2720822322326576, 0.2461778670932771, 0.22273980093919937, 0.2015332227394583, 0.18234567731717977, 0.1649849368967147, 0.14927707529619813], "draws_ratio": [0.0, 0.0, 0.0, 0.0, 0.0, 0.0, 0.0, 0.0, 0.0, 0.0, 0.0, 0.0, 0.0, 0.0, 0.0, 0.0, 0.0, 0.0, 0.0, 0.0], "learning_progress": [0, 98.62542955326461, 40.73319755600815, 23.5202492211838, 24.47058823529412, 17.234664070107108, 14.416666666666666, 15.966386554621847, 13.191489361702127, 10.54921152800435, 10.248901903367496, 6.608933454876937, 10.375816993464053, 9.534368070953436, 8.766014834794337, 7.859583721652687, 6.938421509106678, 5.8263000272257015, 6.705613411226823, 4.719264278799613]}