{"episodes": [0, 2000, 4000, 6000, 8000, 10000, 12000, 14000, 16000, 18000, 20000, 22000, 24000, 26000, 28000, 30000, 32000, 34000, 36000, 38000, 40000, 42000, 44000, 46000, 48000, 50000, 52000, 54000, 56000, 58000, 60000, 62000, 64000, 66000, 68000, 70000, 72000, 74000, 76000, 78000, 80000, 82000, 84000, 86000, 88000, 90000], "overall_win_rate": [100.0, 99.2503748125937, 99.40014996250937, 99.48341943009498, 99.53755780527435, 99.6000399960004, 99.64169652528956, 99.66430969216485, 99.70626835822762, 99.72779290039442, 99.75001249937503, 99.76364710694968, 99.7708428815466, 99.7884696742433, 99.80000714260206, 99.80333988867038, 99.8062560544983, 99.81471133201964, 99.82222716035666, 99.8210573405963, 99.8275043123922, 99.8285755101069, 99.83636735528738, 99.8347862003, 99.8395866752776, 99.840003199936, 99.8346185650276, 99.82963278457805, 99.81428903055303, 99.80172755642144, 99.78833686105231, 99.77581006757956, 99.75469133294791, 99.74697353070408, 99.74118027676063, 99.73428951014985, 99.72222608019334, 99.71081471872002, 99.6973724029947, 99.68461942795605, 99.67125410932364, 99.66219924147266, 99.6547660146903, 99.64419018383506, 99.64204952216453, 99.63222630859657], "recent_win_rate": [100.0, 99.1, 99.6, 99.6, 99.8, 100.0, 99.8, 99.7, 100.0, 100.0, 100.0, 99.8, 99.8, 100.0, 100.0, 99.9, 99.8, 99.9, 100.0, 99.7, 99.9, 99.9, 100.0, 99.7, 99.9, 99.8, 99.7, 99.6, 99.4, 99.3, 99.7, 99.4, 99.1, 99.3, 99.6, 99.3, 99.5, 99.5, 99.0, 99.0, 99.1, 99.7, 99.0, 99.1, 99.6, 99.2], "q_table_size": [14, 16148, 30673, 44298, 56972, 68726, 79905, 90548, 101318, 112125, 122769, 132898, 143036, 153235, 163321, 173479, 183306, 193372, 203404, 213363, 222737, 232518, 242271, 251883, 261373, 270223, 276716, 282884, 288869, 294644, 300281, 305825, 311015, 316195, 321174, 326119, 330787, 335318, 339865, 344204, 348491, 352666, 356518, 360634, 364483, 368071], "epsilon": [0.9999, 0.8186406930090225, 0.6702396082111141, 0.548740291377179, 0.4492660590208893, 0.3678242603283259, 0.3011460219829101, 0.3, 0.3, 0.3, 0.3, 0.3, 0.3, 0.3, 0.3, 0.3, 0.3, 0.3, 0.3, 0.3, 0.3, 0.3, 0.3, 0.3, 0.3, 0.3, 0.3, 0.3, 0.3, 0.3, 0.3, 0.3, 0.3, 0.3, 0.3, 0.3, 0.3, 0.3, 0.3, 0.3, 0.3, 0.3, 0.3, 0.3, 0.3, 0.3], "draws_ratio": [0.0, 0.19990004997501248, 0.14996250937265682, 0.11664722546242293, 0.09998750156230471, 0.08999100089991001, 0.08332638946754438, 0.07142346975216056, 0.06249609399412537, 0.05555246930726071, 0.054997250137493126, 0.04999772737602836, 0.04999791675346861, 0.04615207107418945, 0.04285561229956073, 0.03999866671110963, 0.037498828161619945, 0.03823416958324755, 0.036110108052554095, 0.03420962606247204, 0.032499187520311994, 0.030951644008475988, 0.029544783073111976, 0.02826025521184322, 0.027082769108976897, 0.027999440011199778, 0.028845599123093785, 0.029629080942945498, 0.03571364797057195, 0.0396544887157118, 0.04499925001249979, 0.048386316349736294, 0.04999921876220684, 0.04999924243572067, 0.04999926471669534, 0.05285638776588906, 0.05694365356036722, 0.060809989054201964, 0.06578860804463099, 0.06410174228535531, 0.06499918751015613, 0.0646333581297789, 0.06547541100701182, 0.06627829908954547, 0.06477199122737241, 0.06666592593415628], "learning_progress": [0, 99.91330195689869, 47.35435073191406, 30.75759627974175, 22.246015586603946, 17.102697669004453, 13.99036355672361, 11.753986835711446, 10.629897945083796, 9.638350055741359, 8.669941108911859, 7.621634637090099, 7.087726166839118, 6.655790126276634, 6.175568359243453, 5.855463773713245, 5.360981091726403, 5.205510622013528, 4.932056400070795, 4.667632157403111, 4.208550891859009, 4.206556051574502, 4.025657218569288, 3.8160574552470785, 3.6308264434352435, 3.27507281023451, 2.3464490669133697, 2.180399032819106, 2.0718734097462863, 1.9599923976052456, 1.8772416503208662, 1.8128014387313005, 1.6687298040287446, 1.638229573522668, 1.550250020238251, 1.5163176631842978, 1.4111800040509452, 1.3512546299333765, 1.337884159887014, 1.2605896503236453, 1.2301608936816157, 1.1838396669936995, 1.0804503559427574, 1.1413233361247137, 1.0560163299797247, 0.9748119248731902], "difficulty": ["random", "random", "random", "random", "random", "random", "random", "random", "random", "random", "random", "random", "random", "random", "random", "random", "random", "random", "random", "random", "random", "random", "random", "random", "random", "random", "random", "random", "random", "random", "random", "random", "random", "random", "random", "random", "random", "random", "random", "random", "random", "random", "random", "random", "random", "random"]}