{"episodes": [0, 2000, 4000, 6000, 8000, 10000, 12000, 14000, 16000, 18000, 20000, 22000, 24000, 26000, 28000, 30000, 32000, 34000, 36000, 38000, 40000, 42000, 44000, 46000, 48000, 50000, 52000, 54000, 56000, 58000, 60000, 62000, 64000, 66000, 68000, 70000, 72000, 74000, 76000, 78000, 80000, 82000, 84000, 86000, 88000, 90000, 92000, 94000, 96000, 98000, 100000, 102000, 104000, 106000, 108000, 110000, 112000, 114000, 116000, 118000, 120000, 122000, 124000, 126000, 128000, 130000, 132000, 134000, 136000, 138000, 140000, 142000, 144000, 146000, 148000, 150000, 152000, 154000, 156000, 158000, 160000, 162000, 164000, 166000, 168000, 170000, 172000, 174000, 176000, 178000, 180000, 182000, 184000, 186000, 188000, 190000, 192000, 194000, 196000, 198000, 200000, 202000, 204000, 206000, 208000, 210000, 212000, 214000, 216000, 218000, 220000, 222000, 224000, 226000, 228000, 230000, 232000, 234000, 236000, 238000, 240000, 242000, 244000, 246000, 248000], "overall_win_rate": [100.0, 54.97251374312844, 55.46113471632091, 55.17413764372605, 55.59305086864143, 55.644435556444364, 55.86201149904174, 56.031712020569955, 55.79026310855571, 55.7413477029054, 55.762211889405535, 55.797463751647655, 55.826840548310486, 55.84785200569209, 55.933716652976685, 56.0914636178794, 56.229492828349116, 56.28952089644422, 56.29288075331241, 56.461672061261545, 56.503587410314736, 56.58912883026594, 56.73280152723802, 56.82702549944566, 57.009228974396365, 57.12085758284834, 57.13928578296571, 57.33412344215848, 57.43647434867235, 57.56452474957329, 57.644039266012236, 57.71519814196545, 57.83347135201012, 57.908213511916486, 58.09473390097204, 58.21916829759574, 58.35613394258413, 58.477588140700796, 58.550545387560696, 58.69540134100845, 58.78301521230984, 58.87489176961257, 58.97667884906133, 59.07373170079418, 59.1641004079499, 59.31267430361885, 59.44065825371463, 59.5227710343507, 59.60979573129447, 59.742247528086445, 59.85040149598504, 59.40824109567553, 58.989817405601876, 58.657937189271806, 58.29297876871511, 58.0067453932237, 57.70394907188329, 57.42405768370453, 57.18398979319144, 56.96392403454208, 56.77286022616478, 56.563470791223025, 56.372126031241685, 56.17891921492687, 56.0448746494168, 55.89803155360343, 55.74200195453065, 55.62271923343856, 55.54370923743208, 55.427134585981264, 55.32746194670038, 55.24538559587609, 55.19475559197505, 55.181813823192996, 55.11246545631449, 55.0696328691142, 55.08647969421254, 55.04899318835592, 55.07657002198704, 55.09268928677666, 55.136530396685025, 55.157066931685605, 55.200882921445604, 55.235811832458836, 55.26812340402736, 55.337909777001315, 55.41828245184621, 55.46060080114482, 55.526957233197535, 55.641260442357066, 55.73246815295471, 55.808484568766104, 55.913826555290456, 55.9970107687593, 56.08640379572449, 56.21549360266525, 56.34137322201447, 56.46775016623625, 56.59920102448457, 56.740117474154175, 56.909215453922734, 57.070014504878685, 57.20119019024417, 57.356032252270616, 57.51414656660304, 57.644011218994194, 57.79925566388838, 57.94505633151247, 58.10111990222268, 58.21991642240173, 58.36564379252822, 58.525862496114875, 58.66313096816532, 58.80549201109729, 58.93570642234025, 59.088873526636846, 59.25491700466809, 59.40872047555352, 59.57178147550223, 59.73420279746724, 59.87641718159507, 60.00016528857319, 60.149753484616866, 60.307071922471856, 60.44048209483026], "recent_win_rate": [100.0, 53.7, 56.599999999999994, 54.0, 57.599999999999994, 55.1, 57.699999999999996, 58.4, 55.400000000000006, 55.60000000000001, 55.50000000000001, 57.199999999999996, 55.800000000000004, 54.7, 55.800000000000004, 55.400000000000006, 59.3, 58.699999999999996, 55.2, 59.8, 55.50000000000001, 58.5, 61.5, 61.4, 60.9, 59.5, 55.2, 63.3, 60.699999999999996, 61.4, 60.099999999999994, 60.6, 61.3, 62.5, 63.3, 63.9, 63.3, 63.3, 62.6, 63.1, 61.8, 63.3, 63.2, 62.3, 63.2, 64.3, 64.0, 62.6, 63.3, 65.9, 65.8, 38.6, 37.7, 40.5, 38.4, 41.5, 41.3, 42.0, 42.0, 45.6, 45.6, 45.2, 43.1, 45.0, 47.4, 47.5, 46.9, 48.6, 49.6, 45.1, 47.099999999999994, 50.3, 54.7, 51.4, 49.5, 51.2, 57.9, 49.8, 57.4, 57.199999999999996, 60.099999999999994, 59.9, 61.3, 58.8, 59.5, 60.099999999999994, 62.9, 57.9, 58.9, 64.0, 63.7, 67.2, 66.4, 63.0, 68.5, 68.7, 70.39999999999999, 68.7, 68.0, 72.89999999999999, 73.7, 74.3, 73.0, 73.6, 71.3, 72.5, 74.7, 73.6, 73.5, 70.3, 76.2, 76.4, 73.8, 73.7, 72.5, 76.8, 76.8, 79.5, 77.4, 81.10000000000001, 77.3, 73.3, 77.0, 78.9, 78.0], "q_table_size": [21, 16474, 31644, 46421, 61245, 75789, 90029, 104198, 118087, 131967, 145717, 159398, 172871, 186197, 199556, 212770, 225736, 238638, 251233, 263595, 276425, 288665, 300928, 313461, 325574, 337796, 349918, 361907, 373850, 385561, 396926, 408563, 420223, 432004, 442895, 453838, 464756, 475708, 486510, 497466, 508181, 518674, 529370, 540055, 550592, 560823, 570836, 580960, 591104, 601044, 611148, 617900, 625072, 631626, 637711, 643953, 650229, 656204, 662270, 668411, 674179, 680097, 685748, 691726, 697115, 702595, 708047, 713682, 718523, 723729, 728938, 734189, 739063, 743703, 748732, 753500, 757245, 761041, 764307, 767689, 771123, 774523, 778031, 781413, 784770, 787999, 790971, 794174, 797320, 800247, 803249, 806233, 809206, 811994, 814716, 817626, 820255, 822971, 825644, 828049, 830514, 832951, 835415, 837748, 840119, 842540, 844699, 846949, 849037, 851448, 853607, 855574, 857761, 859971, 862100, 863976, 865754, 867643, 869384, 871256, 873209, 875244, 877088, 878817, 880761], "epsilon": [0.999995, 0.9900448587487292, 0.9801937233034099, 0.9704406085373577, 0.960784539126095, 0.9512245494498034, 0.9417596834967686, 0.9323889947677815, 0.923111546181473, 0.913926409980606, 0.9048326676393241, 0.8958294097712619, 0.8869157360386276, 0.8780907550621674, 0.8693535843320122, 0.8607033501194402, 0.8521391873894989, 0.8436602397144928, 0.8352656591883508, 0.8269546063418277, 0.8187262500585558, 0.8105797674919378, 0.8025143439828522, 0.794529172978197, 0.7866234559502226, 0.7787964023166892, 0.7710472293617949, 0.7633751621579088, 0.755779433488083, 0.7482592837693247, 0.7408139609766333, 0.7334427205678005, 0.726144825408959, 0.718919545700863, 0.7117661589059063, 0.7046839496758726, 0.6976722097803951, 0.6907302380361381, 0.683857340236666, 0.6770528290830407, 0.6703160241150691, 0.6636462516432732, 0.6570428446815124, 0.650505142880287, 0.644032492460698, 0.6376242461490758, 0.6312797631122474, 0.6249984088934413, 0.6187795553488665, 0.6126225805848734, 0.6065268688957787, 0.6004918107022835, 0.5945168024905237, 0.5886012467517088, 0.5827445519223838, 0.5769461323252499, 0.571205408110617, 0.5655218051984128, 0.5598947552207663, 0.5543236954651768, 0.5488080688182381, 0.5433473237099368, 0.537940914058477, 0.532588299215686, 0.5272889439129409, 0.5220423182076467, 0.5168478974302383, 0.5117051621317092, 0.5066135980316756, 0.501572695966938, 0.4965819518405672, 0.4916408665714969, 0.4867489460446098, 0.4819057010613339, 0.4771106472907117, 0.47236330522097375, 0.4676632001115825, 0.4630098619457616, 0.45840282538348887, 0.4538416297149628, 0.449325818814538, 0.4448549410951017, 0.44042854946292315, 0.4360462012729354, 0.43170745828447477, 0.4274118866174586, 0.4231590567089944, 0.41894854327041886, 0.4147799252447739, 0.4106527857646993, 0.4065667121107442, 0.402521295670096, 0.3985161318957155, 0.39455082026588556, 0.39062496424415477, 0.3867381712396868, 0.38289005256799974, 0.3790802234120965, 0.37530830278398003, 0.37157391348655966, 0.36787668207592394, 0.36421623882400384, 0.3605922176815924, 0.3570042562417445, 0.35345199570353236, 0.34993508083616504, 0.3464531599434654, 0.34300588482870414, 0.33959291075977144, 0.33621389643471034, 0.33286850394758205, 0.3295563987546783, 0.32627724964106325, 0.3230307286874543, 0.319816511237426, 0.3166342758649476, 0.3134837043422405, 0.3103644816079503, 0.30727629573564474, 0.3042188379026196, 0.3011918023590141, 0.3, 0.3, 0.3, 0.3],