{"episodes": [0, 5000, 10000, 15000, 20000, 25000, 30000, 35000, 40000, 45000, 50000, 55000, 60000, 65000, 70000, 75000, 80000, 85000, 90000, 95000, 100000, 105000, 110000, 115000, 120000, 125000, 130000, 135000, 140000, 145000, 150000, 155000, 160000, 165000, 170000, 175000, 180000, 185000, 190000, 195000, 200000, 205000, 210000, 215000, 220000, 225000, 230000, 235000, 240000, 245000, 250000, 255000, 260000, 265000, 270000, 275000, 280000, 285000, 290000, 295000, 300000, 305000, 310000, 315000, 320000, 325000, 330000, 335000, 340000, 345000, 350000, 355000, 360000, 365000, 370000, 375000, 380000, 385000, 390000, 395000, 400000, 405000, 410000, 415000, 420000, 425000, 430000, 435000, 440000, 445000, 450000, 455000, 460000, 465000, 470000, 475000, 480000, 485000, 490000, 495000], "overall_win_rate": [0.0, 43.39132173565287, 44.20557944205579, 44.54369708686088, 44.36278186090695, 44.50221991120355, 44.45851804939836, 44.87014656724094, 45.16387090322742, 45.563431923735024, 45.77508449831003, 46.03189032926674, 46.34922751287478, 46.75620375071153, 47.16789760146284, 47.61003186624178, 48.00814989812628, 48.55001705862284, 49.02723303074411, 49.43421648193177, 49.875501244987554, 50.364282244931005, 50.84044690502814, 51.34998826097165, 51.89040091332572, 52.380380956952344, 52.85497803863047, 53.31664209894742, 53.80818708437797, 54.26100509651658, 54.76363490910061, 55.23964361520248, 55.717151767801454, 56.19784122520469, 56.66672548985006, 57.11167364757915, 57.560235776467906, 58.03428089577894, 58.468639638738736, 58.90636458274573, 59.31870340648297, 59.735806166799186, 60.14257074966309, 60.55181138692378, 60.93654119754001, 61.32283856516193, 61.67625358150617, 62.02867221841609, 62.337656926429474, 62.642601458769555, 62.96454814180743, 63.249555884094576, 63.56398629236042, 63.86579673284252, 64.14346613531062, 64.40376580448799, 64.65441194852876, 64.91205294016513, 65.16287874869397, 65.40486303436259, 65.60844797184009, 65.80798095743948, 66.0062386895526, 66.20645648743972, 66.40072999771876, 66.6028719911631, 66.7988884882167, 66.98069558001319, 67.17068479210356, 67.33458743597845, 67.4843786160611, 67.64093622271487, 67.81286718648005, 67.97570417615295, 68.13414017799951, 68.28995122679673, 68.44771461127735, 68.60319843325082, 68.74341347842697, 68.90083822572602, 69.05182737043157, 69.19118718225387, 69.30909924609941, 69.45718203088667, 69.59650096071199, 69.72124771471125, 69.83983758177307, 69.96765524676954, 70.0959770545976, 70.20950514717944, 70.32628816380408, 70.44687813872936, 70.55702052821624, 70.67081576168654, 70.77729621851869, 70.88069288275183, 70.9715188093358, 71.06830707565551, 71.16618129350756, 71.26955299080204], "recent_win_rate": [0.0, 45.800000000000004, 43.2, 45.4, 43.0, 47.599999999999994, 42.6, 47.0, 45.2, 47.4, 48.199999999999996, 47.8, 48.6, 51.800000000000004, 56.39999999999999, 57.199999999999996, 54.2, 53.800000000000004, 60.6, 61.199999999999996, 61.8, 56.8, 62.6, 61.0, 64.2, 64.2, 59.4, 66.0, 70.19999999999999, 66.2, 71.39999999999999, 72.2, 70.39999999999999, 74.4, 73.6, 71.6, 74.4, 74.4, 73.0, 74.0, 73.8, 77.0, 77.60000000000001, 78.8, 76.2, 80.2, 77.2, 78.60000000000001, 78.2, 79.4, 77.4, 77.0, 77.8, 82.39999999999999, 78.60000000000001, 79.4, 76.2, 82.19999999999999, 80.4, 80.0, 76.0, 78.2, 77.60000000000001, 80.0, 78.60000000000001, 80.60000000000001, 78.4, 78.4, 79.80000000000001, 79.80000000000001, 78.8, 78.8, 82.6, 79.60000000000001, 79.80000000000001, 79.60000000000001, 81.8, 78.4, 80.4, 78.2, 82.8, 80.0, 80.0, 81.6, 82.39999999999999, 79.80000000000001, 80.2, 81.8, 77.4, 78.8, 83.0, 83.2, 81.2, 80.0, 80.4, 80.80000000000001, 79.0, 79.60000000000001, 81.39999999999999, 81.6], "q_table_size": [9, 39279, 75534, 110360, 144318, 178090, 211033, 243689, 276031, 307482, 338777, 369745, 400065, 429724, 458397, 486556, 513886, 540248, 566304, 592312, 616880, 640990, 664014, 686770, 708779, 729963, 750744, 771388, 791184, 810932, 829409, 847742, 864953, 881913, 898347, 914348, 929729, 944392, 959243, 973165, 987616, 1001447, 1015156, 1028167, 1041585, 1054410, 1067303, 1079553, 1092507, 1105338, 1117627, 1130159, 1142346, 1154498, 1166823, 1179347, 1191132, 1203261, 1215062, 1226783, 1239131, 1251505, 1263289, 1275286, 1287140, 1298766, 1310193, 1321639, 1332676, 1344295, 1356053, 1367573, 1378477, 1389665, 1401101, 1412121, 1423039, 1433554, 1444852, 1455502, 1466083, 1477141, 1488319, 1498861, 1509101, 1519743, 1530742, 1541168, 1551502, 1561910, 1572439, 1583102, 1593584, 1603603, 1613928, 1624444, 1635053, 1645631, 1655997, 1666013], "epsilon": [0.999991, 0.9559886842666957, 0.9139225897492793, 0.873707517463685, 0.8352620174121886, 0.7985082236178407, 0.7633716964178257, 0.7297812716963619, 0.6976689167517369, 0.6669695925055945, 0.637621121775416, 0.6095640633433098, 0.5827415915661545, 0.557099381283245, 0.53258549778824, 0.5091502916427283, 0.4867462981182192, 0.4653281410629905, 0.44485244099904797, 0.4252777272630534, 0.40656435401332497, 0.3886744199327164, 0.37157169146482316, 0.35522152942797297, 0.3395908188584217, 0.3246479019406322, 0.3103625138887938, 0.29670572164974746, 0.28364986530313085, 0.27116850204008347, 0.25923635260704325, 0.24782925010615822, 0.2369240910486082, 0.2264987885617398, 0.2165322276551868, 0.2070042224554217, 0.1978954753220873, 0.189187537763335, 0.18086277307098447, 0.17290432059984273, 0.1652960616188249, 0.1580225866647273, 0.15106916433251194, 0.15, 0.15, 0.15, 0.15, 0.15, 0.15, 0.15, 0.15, 0.15, 0.15, 0.15, 0.15, 0.15, 0.15, 0.15, 0.15, 0.15, 0.15, 0.15, 0.15, 0.15, 0.15, 0.15, 0.15, 0.15, 0.15, 0.15, 0.15, 0.15, 0.15, 0.15, 0.15, 0.15, 0.15, 0.15, 0.15, 0.15, 0.15, 0.15, 0.15, 0.15, 0.15, 0.15, 0.15, 0.15, 0.15, 0.15, 0.15, 0.15, 0.15, 0.15, 0.15, 0.15, 0.15, 0.15, 0.15, 0.15], "draws_ratio": [0.0, 0.19996000799840033, 0.20997900209979004, 0.1999866675554963, 0.20998950052497373, 0.23199072037118515, 0.23999200026665776, 0.22856489814576725, 0.22749431264218392, 0.24221683962578608, 0.24199516009679808, 0.24726823148670027, 0.2499958334027766, 0.2584575621913509, 0.2557106327052471, 0.25332995560059196, 0.2487468906638667, 0.23999717650380584, 0.2422195308941012, 0.23894485321207143, 0.23899761002389974, 0.24285482995400043, 0.23454332233343334, 0.23304145181346247, 0.22833143057141192, 0.2303981568147455, 0.22461365681802448, 0.22296131139769335, 0.21928414797037166, 0.22068813318528838, 0.21866520889860735, 0.22193405203837394, 0.22249860938369134, 0.21999866667474743, 0.22058693772389576, 0.21542734041519762, 0.2149988055621913, 0.21080967129907405, 0.20947258172325406, 0.20717842472602704, 0.20899895500522497, 0.20926727186696648, 0.20714187075299642, 0.20651066739224472, 0.20318089463229713, 0.20133243852249547, 0.1995643497202186, 0.19744596831502848, 0.195832517364511, 0.19306043648801433, 0.19159923360306558, 0.19097964321708544, 0.18846081361225533, 0.18603703382251388, 0.18444376131940252, 0.1861811411594867, 0.1857136224513484, 0.1845607559271722, 0.18275799048968797, 0.18101633553784563, 0.1803327322242259, 0.17901580650555243, 0.17838652133380214, 0.17745975409601875, 0.1781244433611145, 0.17661484118510404, 0.1766661313147536, 0.17582037068546064, 0.17529360207764094, 0.1739125393839438, 0.17257093551161284, 0.17126712319120227, 0.17027730478526448, 0.17013652017391734, 0.16864819284272203, 0.16746622009007978, 0.16657850900392368, 0.16597359487377955, 0.1651277817236366, 0.16455654542646728, 0.16424958937602654, 0.16370329949802592, 0.16438984295160255, 0.16409599013014425, 0.1638091337877767, 0.16329373342650957, 0.16255776149357792, 0.16160882388776118, 0.1609087252074427, 0.16022435904638416, 0.15999964444523457, 0.1599996483524212, 0.159347479679392, 0.15849428280799396, 0.15808477003240418, 0.15831545617798698, 0.1574996718756836, 0.1571130781173647, 0.15693845522764238, 0.15676736006593925],